<?xml version="1.0" encoding="UTF-8" standalone="yes"?>
<addon id="plugin.video.movie4k"
	name="Movie4K.to"
	version="1.4.3"
	provider-name="nickat, eleazarcoding">
  <requires>
    <import addon="xbmc.python" version="2.1.0"/>
    <import addon="script.module.urlresolver"  version="2.10.0"/>
    <import addon="script.module.xbmcswift2"  version="2.4.0"/>
    <import addon="script.module.beautifulsoup4"  version="4.3.2"/>
  </requires>
  <extension point="xbmc.python.pluginsource" library="default.py">
    <provides>video</provides>
  </extension>
  <extension point="xbmc.addon.metadata">
    <summary lang="en">Movie4K.to</summary>
    <description lang="en">Movie4K is one of the best and easiest free movies websites to watch movies on the internet. Simply select the movie of your choice for free and without registration.</description>
    <platform>all</platform>
    <forum>http://forums.tvaddons.ag/forums/152-ELEAZAR-S-XBMC-ADD-ON-REPOSITORY</forum>
    <website>http://www.tvaddons.ag</website>
  </extension>
</addon>
