<?xml version="1.0" encoding="UTF-8" standalone="yes"?>
<addon id="script.audiobooks" name="AudioBooks" version="1.1.1" provider-name="robwebset">
	<requires>
		<import addon="xbmc.python" version="2.1.0"/>
	</requires>
	<extension point="xbmc.python.pluginsource" library="plugin.py">
		<provides>audio</provides>
	</extension>
	<extension point="xbmc.addon.metadata">
		<summary lang="en">Play AudioBooks</summary>

		<description lang="en">Allows the playing of AudioBooks</description>

		<language></language>
		<platform>all</platform>
		<license>GNU GENERAL PUBLIC LICENSE. Version 2, June 1991</license>
		<forum>http://forum.kodi.tv/showthread.php?tid=239859</forum>
		<source>https://github.com/robwebset/script.audiobooks</source>
	</extension>
</addon>
