<?xml version="1.0" encoding="UTF-8"?>
<addon id="plugin.image.reddit_com" name="Reddit.com" version="1.0.3" provider-name="AddonScriptorDE">
    <requires>
        <import addon="xbmc.python" version="2.1.0"/>
    </requires>
    <extension point="xbmc.python.pluginsource" library="default.py">
        <provides>image</provides>
    </extension>
    <extension point="xbmc.addon.metadata">
        <platform>all</platform>
        <summary lang="en">Watch images from reddit.com - Add/remove reddits - Search for images/reddits</summary>
        <language></language>
        <description lang="en">Watch images from reddit.com - Add/remove reddits - Search for images/reddits</description>
        <website>http://www.reddit.com</website>
        <source>https://github.com/AddonScriptorDE/plugin.image.reddit_com</source>
        <forum>http://forum.xbmc.org/showthread.php?tid=</forum>
        <email>AddonScriptorDE at yahoo dot de</email>
    </extension>
</addon>
