<?xml version="1.0" encoding="UTF-8" standalone="yes"?>
<addon id="plugin.video.prosport" name="Pro Sport" version="0.37" provider-name="gerikss, podgod">
  <requires>
    <import addon="xbmc.python" version="2.1.0" />
     <import addon="script.module.requests" version="2.9.1" />
  </requires>
  <extension point="xbmc.python.pluginsource" provides="video" library="default.py">
    <provides>video</provides>
  </extension>
  <extension point="xbmc.addon.metadata">
    <summary>Live HD sport streams from reddit</summary>
    <description>Live HD sport streams from reddit</description>
    <platform>all</platform>
    <language>en</language>
  </extension>
</addon>