<?xml version="1.0" encoding="UTF-8" standalone="yes"?>
<addon id="plugin.video.bbciplayer" name="BBC iPlayer" version="0.1.3" provider-name="Mikey1234">
  <requires>
    <import addon="xbmc.python" version="2.1.0"/>
  </requires>
  <extension point="xbmc.python.pluginsource" library="default.py">
        <provides>video</provides>
  </extension>
  <extension point="xbmc.addon.metadata">
    <summary lang="en">BBC iPlayer</summary>
    <description lang="en">BBC iPlayer</description>
    <platform>all</platform>
  </extension>
</addon>
