<?xml version="1.0" encoding="UTF-8" standalone="true"?>
<addons>

  <addon id="repository.mx" name="MX repository" version="1.0.9" provider-name="Kiwi Systems">
	<extension point="xbmc.addon.repository" name="MX Add-on Repository">
		<info compressed="false">http://thaisatellite.tv/repo/addons.xml</info> 
		<checksum>http://thaisatellite.tv/repo/addons.xml.md5</checksum> 
		<datadir zip="true">http://thaisatellite.tv/repo</datadir>  
	</extension>
	<extension point="xbmc.addon.metadata">
		<summary>MX Repository</summary>
		<description>Home of the MX add-ons and FREE ONLY.</description>
		<disclaimer>These add-ons can change at anytime so please stay updated. Support at www.tvaddons.ag ONLY</disclaimer>
		<platform>all</platform>
	</extension>
  </addon>

  <addon id="plugin.video.mxthai" name="MX live Thai TV" version="1.1.3" provider-name="MX">
  	<requires>
    		<import addon="xbmc.python" version="2.1.0"/>
  	</requires>
  	<extension point="xbmc.python.pluginsource" library="default.py">
    	<provides>video</provides>
  	</extension>
  	<extension point="xbmc.addon.metadata">
    	<summary lang="en">Live Thai TV Channels</summary>
    	<description lang="en">Some of popular Thai TV channels. Some of the channels in this addon may require a 16mbis or higher connection as 
	they are high speed streams in their country of origin and may buffer from time to time or just not play if you have slower internet speeds.
	This add-on is not for sale and provided to TVaddons.ag ONLY if you got this from somewhere else tell me on www.tvaddons.ag </description>
    	<disclaimer lang="en">This live TV content can change at anytime and does change, as we do not run the content server(s) for this addon</disclaimer>
    	<language>en</language>
    	<platform>all</platform>
    	<license>GNU</license>
  	</extension>
  </addon>
 
   <addon id="plugin.video.mxncaa" name="MX NCAA HD" version="1.0.1" provider-name="Kiwi Systems">
  	<requires>
    	<import addon="xbmc.python" version="2.1.0"/>
  	</requires>
  	<extension point="xbmc.python.pluginsource" library="default.py">
    	<provides>video</provides>
  	</extension>
  	<extension point="xbmc.addon.metadata">
    	<summary lang="en">Live NCAA Channels</summary>
    	<description lang="en">Live NCAA TV channels in 720 HD. Some of the channels in this addon may require a 16mbis or higher connection as they are high speed streams in their country of origin and may buffer from time to time or just not play if you have slower internet speeds.</description>
    	<disclaimer lang="en">This live TV content can change at any time, we do not run the content server(s) for this addon</disclaimer>
    	<language>en</language>
    	<platform>all</platform>
		<license>GNU</license>
	 </extension>
   </addon>
	 
   <addon id="plugin.video.mxoz" name="Australian Live TV" version="1.0.4" provider-name="Kiwi Systems">
  	<requires>
    		<import addon="xbmc.python" version="2.1.0"/>
  	</requires>
  	<extension point="xbmc.python.pluginsource" library="default.py">
    		<provides>video</provides>
  	</extension>
  	<extension point="xbmc.addon.metadata">
    		<summary lang="en">Some popular live Australian TV</summary>
    		<description lang="en">Some of popular IPTV FTA Australian TV channels. Some of the channels in this addon may require a 16mbis or higher connection as they are high speed streams in their country of origin and may buffer from time to time or just not play if you have slower internet speeds. 

		PLEASE NOTE: Kodi is a registered trademark of the XBMC Foundation. We are not connected to or in any other way affiliated with Kodi, Team Kodi, or the XBMC Foundation. This is a 3rd party addon only and as such will not be supported by the XBMC foundation or its web sites. Save the Dropbears in the wild.
		</description>
		<disclaimer lang="en">This live Australian TV content which can change at anytime and does change, as we do not run the content server(s) for this addon</disclaimer>
    	<language>en</language>
    	<platform>all</platform>
    	<license>GNU</license>
    	</extension>
  </addon>
</addons>
