<?xml version="1.1" encoding="UTF-8" standalone="yes"?>
<addon id="repository.Kinkin" name="Kinkins REPO" version="1.3" provider-name="Kinkin">
	<extension point="xbmc.addon.repository" name="Kinkin Addon Repository">
		<info compressed="false">http://kinkin-xbmc-repository.googlecode.com/svn/trunk/addons.xml</info>
		<checksum>http://kinkin-xbmc-repository.googlecode.com/svn/trunk/addons.xml.md5</checksum>
		<datadir zip="true">http://kinkin-xbmc-repository.googlecode.com/svn/trunk/zips</datadir>
	</extension>
	<extension point="xbmc.addon.metadata">
		<summary>Install Kinkins Addons</summary>
		<description>Download and install addons by Kinkin</description>
		<platform>all</platform>
	</extension>
</addon>

